guest_id,first_name,last_name,email,phone,state
1,Sullivan,Lomas,slomas0@mediafire.com,(702) 7768761,NV,false
2,Olympie,Gecks,ogecks1@dagondesign.com,(202) 2528316,DC,false
3,Tremain,Carncross,tcarncross2@japanpost.jp,(313) 2245034,MI,false
4,Leonidas,Gueny,lgueny3@example.com,(412) 6493981,PA,false
5,Berta,Seppey,bseppey4@yahoo.com,(202) 2668098,DC,false
6,Kenn,Curson,kcurson5@youku.com,(941) 9618942,FL,false
7,Gilli,Fritz,gfritz6@ustream.tv,(585) 3812166,NY,false
8,Natal,Dodimead,ndodimead7@yellowbook.com,(713) 6088180,TX,false
9,Justen,Hulson,jhulson8@auda.org.au,(202) 4440620,DC,false
10,Isabel,Ganter,iganter9@privacy.gov.au,(915) 5895326,TX,false
11,Devina,Pepon,dpepona@europa.eu,(239) 9752596,FL,false
12,Whit,Isaq,wisaqb@blogger.com,(256) 2106156,AL,false
13,Alisun,Mount,amountc@ehow.com,(312) 3713380,IL,false
14,Donall,Fenelow,dfenelowd@google.nl,(313) 6600939,MI,false
15,Nye,Ritter,nrittere@dagondesign.com,(609) 7576171,NJ,false
16,Christiana,Oluwatoyin,coluwatoyinf@hubpages.com,(765) 6082986,IN,false
17,Jenilee,Causer,jcauserg@feedburner.com,(713) 6090033,TX,false
18,Jacquenetta,Judgkins,jjudgkinsh@goo.gl,(802) 9364252,VT,false
19,Emalia,Toke,etokei@wired.com,(251) 1102556,AL,false
20,Ryley,Wong,rwongj@eventbrite.com,(414) 5700854,WI,false
21,Arte,Overell,aoverellk@w3.org,(304) 1895104,WV,false
22,Cortney,Binyon,cbinyonl@angelfire.com,(915) 6957192,TX,false
23,Leia,Warland,lwarlandm@booking.com,(651) 2725236,MN,false
24,Roz,Haking,rhakingn@goo.ne.jp,(816) 5842541,MO,false
25,Kayley,Rogliero,kroglieroo@goo.gl,(863) 4305581,FL,false
26,Bess,Kilban,bkilbanp@google.com.hk,(314) 1826611,MO,false
27,Renelle,Brockbank,rbrockbankq@techcrunch.com,(775) 9975469,NV,false
28,Kassie,Gulliman,kgullimanr@webmd.com,(713) 8996091,TX,false
29,Alejandrina,Szymanek,aszymaneks@skyrock.com,(330) 2773273,OH,false
30,Ty,Woller,twollert@census.gov,(810) 8905965,MI,false
31,Faye,Tuffrey,ftuffreyu@goodreads.com,(719) 2582092,CO,false
32,Phylis,Weigh,pweighv@skyrock.com,(202) 4711822,DC,false
33,Jeffy,Wrightson,jwrightsonw@geocities.jp,(617) 6855228,MA,false
34,Laurella,Yitzhak,lyitzhakx@engadget.com,(251) 5044242,AL,false
35,Deny,Lyness,dlynessy@icio.us,(704) 1597211,NC,false
36,Elenore,Santus,esantusz@loc.gov,(714) 5797527,CA,false
37,Carol,Philliphs,cphilliphs10@nymag.com,(508) 4551312,MA,false
38,Christyna,Dochon,cdochon11@state.gov,(502) 4665276,KY,false
39,Amble,Morillas,amorillas12@dmoz.org,(281) 1515295,TX,false
40,Lanita,Rainbird,lrainbird13@jiathis.com,(860) 9343645,CT,false
41,Olivette,Langdale,olangdale14@hp.com,(763) 6461933,MN,false
42,Nevile,Hairsine,nhairsine15@youku.com,(808) 9811903,HI,false
43,Sheryl,Truce,struce16@statcounter.com,(702) 2228169,NV,false
44,Georgina,Praten,gpraten17@rediff.com,(901) 1754410,TN,false
45,Pip,Bourgourd,pbourgourd18@reddit.com,(718) 8791602,NY,false
46,Celestia,Gladtbach,cgladtbach19@thetimes.co.uk,(859) 1228297,KY,false
47,Jerry,Gouldsmith,jgouldsmith1a@bloglovin.com,(850) 3499654,FL,false
48,Caralie,Phair,cphair1b@wix.com,(951) 1116501,CA,false
49,Clemente,Brittain,cbrittain1c@trellian.com,(813) 3029520,FL,false
50,Petronilla,Kemmis,pkemmis1d@harvard.edu,(202) 8298371,DC,false
51,Chaunce,Joerning,cjoerning1e@paginegialle.it,(614) 7221819,OH,false
52,Sosanna,Choules,schoules1f@infoseek.co.jp,(585) 6121223,NY,false
53,Magdaia,Fritschel,mfritschel1g@desdev.cn,(718) 3858452,NY,false
54,Jacenta,Oliver-Paull,joliverpaull1h@boston.com,(813) 7793768,FL,false
55,Colette,Leander,cleander1i@xrea.com,(601) 4873679,MS,false
56,Emlynne,Andrin,eandrin1j@shinystat.com,(602) 2661674,AZ,false
57,Harrison,Luxen,hluxen1k@upenn.edu,(612) 3146400,MN,false
58,Teodoor,Yarnall,tyarnall1l@squarespace.com,(518) 6555084,NY,false
59,Enriqueta,Mayhou,emayhou1m@kickstarter.com,(214) 2146223,TX,false
60,Rawley,Pendleberry,rpendleberry1n@goodreads.com,(423) 7212307,TN,false
61,Janaya,Ackermann,jackermann1o@umn.edu,(602) 5385544,AZ,false
62,Carina,Noads,cnoads1p@gnu.org,(505) 2628048,NM,false
63,Aline,Cocklin,acocklin1q@vimeo.com,(334) 5079034,AL,false
64,Sheridan,Berrycloth,sberrycloth1r@reference.com,(915) 3164637,TX,false
65,Garner,Coulter,gcoulter1s@reuters.com,(714) 5078068,CA,false
66,Miof mela,Dorrell,mdorrell1t@ibm.com,(571) 7488196,VA,false
67,Keenan,McHarry,kmcharry1u@narod.ru,(251) 3939975,AL,false
68,Gabie,Rymell,grymell1v@redcross.org,(650) 3866667,CA,false
69,Benita,Eddowes,beddowes1w@sitemeter.com,(786) 8362773,FL,false
70,Tony,Skechley,tskechley1x@hubpages.com,(616) 9192572,MI,false
71,Claudina,Van Halle,cvanhalle1y@nifty.com,(203) 5608228,CT,false
72,Gerri,Hovel,ghovel1z@imdb.com,(702) 3007870,NV,false
73,Ardene,Corking,acorking20@acquirethisname.com,(360) 2619356,WA,false
74,Craggy,Gloy,cgloy21@reference.com,(608) 7729911,WI,false
75,Sharron,Baldacchino,sbaldacchino22@ted.com,(317) 6381381,IN,false
76,Sallyann,Friedlos,sfriedlos23@sfgate.com,(713) 2657409,TX,false
77,Kellyann,Maxwaile,kmaxwaile24@springer.com,(972) 9743572,TX,false
78,Joel,Fildes,jfildes25@ucsd.edu,(503) 3001808,OR,false
79,Karney,Spykings,kspykings26@nymag.com,(754) 2083963,FL,false
80,Chloe,Kretschmer,ckretschmer27@hugedomains.com,(510) 3197981,CA,false
81,Roth,Gillebride,rgillebride28@gizmodo.com,(703) 1935454,VA,false
82,Shandeigh,McGeown,smcgeown29@va.gov,(702) 3796945,CA,false
83,Sara,Ducker,sducker2a@infoseek.co.jp,(801) 7707688,UT,false
84,Linn,Meynell,lmeynell2b@ehow.com,(415) 9303614,CA,false
85,Oriana,Rich,orich2c@usgs.gov,(682) 2909925,TX,false
86,Kienan,Aulton,kaulton2d@mail.ru,(719) 2357792,CO,false
87,Jennie,Kike,jkike2e@intel.com,(701) 6481099,ND,false
88,Kellby,Houndson,khoundson2f@fc2.com,(302) 4907684,DE,false
89,Ludvig,Divver,ldivver2g@nyu.edu,(419) 7210898,OH,false
90,Karlik,Fidian,kfidian2h@businessinsider.com,(937) 8739030,OH,false
91,Mel,Ritter,mritter2i@irs.gov,(360) 9425869,WA,false
92,Bette,Easseby,beasseby2j@yale.edu,(512) 3327456,TX,false
93,Colman,Mecozzi,cmecozzi2k@marriott.com,(614) 5988150,OH,false
94,Neda,Ferie,nferie2l@xrea.com,(803) 7037750,SC,false
95,Tate,Jellis,tjellis2m@example.com,(915) 5642452,TX,false
96,Jonah,Markwelley,jmarkwelley2n@paginegialle.it,(323) 7833116,CA,false
97,Chandra,Iverson,civerson2o@cisco.com,(407) 8232861,FL,false
98,Gabriell,Creyke,gcreyke2p@wikia.com,(862) 4071891,NJ,false
99,Scottie,Davenhill,sdavenhill2q@sakura.ne.jp,(518) 4957037,NY,false
100,Gisela,Showler,gshowler2r@mapquest.com,(404) 6063406,GA,false
101,Brook,Bygate,bbygate2s@abc.net.au,(309) 3467436,IL,false
102,Earl,Degli Antoni,edegliantoni2t@ning.com,(214) 8322663,TX,false
103,Latrena,Bennellick,lbennellick2u@marriott.com,(704) 6984456,NC,false
104,Erl,Dablin,edablin2v@reddit.com,(585) 1390384,NY,false
105,Lynett,Stapells,lstapells2w@domainmarket.com,(336) 3737697,NC,false
106,Casandra,Yitzhak,cyitzhak2x@businessinsider.com,(512) 4482691,TX,false
107,Marshall,MacAree,mmacaree2y@independent.co.uk,(410) 6965558,MD,false
108,Hermy,Lemar,hlemar2z@alibaba.com,(213) 5912603,CA,false
109,Gusty,Andreia,gandreia30@npr.org,(816) 5355727,MO,false
110,Felicity,Wakley,fwakley31@weather.com,(713) 8873307,TX,false
111,Aurlie,Skidmore,askidmore32@instagram.com,(614) 5273340,OH,false
112,Giordano,Olenchenko,golenchenko33@altervista.org,(314) 7825389,MO,false
113,Regan,d'Arcy,rdarcy34@cnn.com,(214) 9356241,TX,false
114,Loleta,Forward,lforward35@instagram.com,(916) 7189657,CA,false
115,Laurene,Durran,ldurran36@huffingtonpost.com,(216) 6426219,OH,false
116,Harlin,Whitta,hwhitta37@cbc.ca,(203) 1848629,CT,false
117,Edithe,Bilofsky,ebilofsky38@earthlink.net,(804) 4517747,VA,false
118,Dyana,Summerskill,dsummerskill39@wsj.com,(707) 1119854,CA,false
119,Currie,Tooke,ctooke3a@china.com.cn,(952) 1990342,MN,false
120,Wrennie,Pilger,wpilger3b@drupal.org,(989) 3316879,MI,false
121,Ardath,Gurton,agurton3c@webs.com,(619) 1614570,CA,false
122,Carmelle,Reaper,creaper3d@virginia.edu,(404) 3693558,GA,false
123,Hestia,Frankham,hfrankham3e@squidoo.com,(541) 5593982,OR,false
124,Phyllida,Brauner,pbrauner3f@desdev.cn,(213) 3263388,CA,false
125,Loralee,Myring,lmyring3g@google.com,(626) 4784833,CA,false
126,Babbie,Hayth,bhayth3h@youku.com,(616) 4585345,MI,false
127,Anabel,Hansed,ahansed3i@washingtonpost.com,(661) 1600832,CA,false
128,Durand,Fellowes,dfellowes3j@xinhuanet.com,(510) 8841543,CA,false
129,Darnall,Woodroof,dwoodroof3k@github.com,(718) 8840207,NY,false
130,Edythe,McGeady,emcgeady3l@histats.com,(702) 3855293,NV,false
131,Holt,Keggins,hkeggins3m@multiply.com,(405) 9268486,OK,false
132,Audrey,Hosburn,ahosburn3n@java.com,(859) 5151197,KY,false
133,Tatiana,Wilsher,twilsher3o@constantcontact.com,(915) 3252768,TX,false
134,Laney,Sherme,lsherme3p@drupal.org,(240) 2703985,MD,false
135,Bonnibelle,Gaish,bgaish3q@mediafire.com,(419) 4670858,OH,false
136,Nert,Detoile,ndetoile3r@yahoo.co.jp,(202) 5472570,DC,false
137,Sully,Dickon,sdickon3s@miibeian.gov.cn,(813) 5148390,FL,false
138,Olly,Meneux,omeneux3t@dyndns.org,(319) 7572850,IA,false
139,Micheline,Bichard,mbichard3u@dell.com,(205) 7616481,AL,false
140,Penn,Dight,pdight3v@nifty.com,(281) 7660166,TX,false
141,Christalle,Measor,cmeasor3w@seesaa.net,(813) 4779856,FL,false
142,Stanford,Tearny,stearny3x@webeden.co.uk,(719) 4822083,CO,false
143,Aldin,Treble,atreble3y@hibu.com,(901) 2839986,TN,false
144,Jobyna,Moncaster,jmoncaster3z@ask.com,(304) 2806460,WV,false
145,Renie,Hathwood,rhathwood40@cam.ac.uk,(954) 2371133,FL,false
146,Wally,Alvarado,walvarado41@pagesperso-orange.fr,(202) 5774837,DC,false
147,Sheelah,Coytes,scoytes42@prlog.org,(201) 5654625,NJ,false
148,Vinny,Radleigh,vradleigh43@slashdot.org,(763) 5518712,MN,false
149,Brianna,Tookey,btookey44@narod.ru,(812) 3006327,IN,false
150,Heywood,Mellhuish,hmellhuish45@pen.io,(425) 2278177,WA,false
151,Mason,Barrell,mbarrell46@usda.gov,(772) 3375343,FL,false
152,Oriana,Stichel,ostichel47@chicagotribune.com,(615) 4064628,TN,false
153,Quentin,Van Zon,qvanzon48@cnbc.com,(269) 4429144,MI,false
154,Austine,Franck,afranck49@geocities.jp,(540) 8184259,VA,false
155,Wallache,Phippin,wphippin4a@kickstarter.com,(704) 2474193,NC,false
156,Nydia,Chicchelli,nchicchelli4b@51.la,(360) 7916328,WA,false
157,Deva,Georgeau,dgeorgeau4c@accuweather.com,(202) 7433773,DC,false
158,Benedetta,Jandak,bjandak4d@addthis.com,(310) 6922437,CA,false
159,Angel,Mathieu,amathieu4e@ovh.net,(315) 7050503,NY,false
160,Zondra,Skett,zskett4f@walmart.com,(404) 7816550,GA,false
161,Fleurette,Dreinan,fdreinan4g@army.mil,(602) 5805563,AZ,false
162,Maddy,Rolance,mrolance4h@myspace.com,(805) 8898765,CA,false
163,Winifred,Van De Cappelle,wvandecappelle4i@opensource.org,(302) 4262566,DE,false
164,Burke,Jewiss,bjewiss4j@geocities.jp,(215) 1106432,PA,false
165,Claudelle,Netting,cnetting4k@altervista.org,(404) 3521261,GA,false
166,Iris,Apdell,iapdell4l@elpais.com,(205) 3141607,AL,false
167,Brenna,Deble,bdeble4m@blogtalkradio.com,(360) 3139178,WA,false
168,Callida,Butterworth,cbutterworth4n@virginia.edu,(952) 9701440,MN,false
169,Berk,Giacopini,bgiacopini4o@hao123.com,(225) 4447531,LA,false
170,Vito,Rickasse,vrickasse4p@studiopress.com,(501) 6501416,AR,false
171,Bordie,Saltsberger,bsaltsberger4q@techcrunch.com,(781) 1217294,MA,false
172,Jeri,Clark,jclark4r@uiuc.edu,(217) 9317609,IL,false
173,Yalonda,Thome,ythome4s@vkontakte.ru,(706) 7071139,GA,false
174,Catherina,Dell Casa,cdellcasa4t@mtv.com,(559) 3024115,CA,false
175,Fernando,Fielding,ffielding4u@ftc.gov,(202) 2856540,DC,false
176,Brena,Eick,beick4v@pagesperso-orange.fr,(805) 2595624,CA,false
177,Fidel,Luetchford,fluetchford4w@archive.org,(318) 9158735,LA,false
178,Valry,Coltart,vcoltart4x@reverbnation.com,(806) 2840301,TX,false
179,Renae,Atwel,ratwel4y@nymag.com,(513) 7763478,OH,false
180,Galven,Adelsberg,gadelsberg4z@ucla.edu,(616) 7228970,MI,false
181,Leland,Paulich,lpaulich50@nydailynews.com,(219) 2176166,IN,false
182,Ofella,Colbert,ocolbert51@eepurl.com,(571) 8098330,VA,false
183,Rollins,Badcock,rbadcock52@moonfruit.com,(303) 4049834,CO,false
184,Wilona,Buckie,wbuckie53@elpais.com,(701) 4100501,ND,false
185,Myrtia,Pagitt,mpagitt54@hc360.com,(918) 8946768,OK,false
186,Brian,Speddin,bspeddin55@nasa.gov,(215) 3354882,PA,false
187,Rebeka,Teague,rteague56@census.gov,(850) 3489610,FL,false
188,Tuesday,Aveling,taveling57@seattletimes.com,(678) 6412556,GA,false
189,Mary,Dauncey,mdauncey58@icio.us,(704) 8384037,NC,false
190,Jillayne,Selbach,jselbach59@studiopress.com,(334) 8247102,AL,false
191,Harry,Di Maggio,hdimaggio5a@hp.com,(847) 6718414,IL,false
192,Koo,Andrich,kandrich5b@unblog.fr,(214) 9899920,TX,false
193,Maridel,Mungan,mmungan5c@indiatimes.com,(432) 7753576,TX,false
194,Maria,Tattersfield,mtattersfield5d@auda.org.au,(208) 7633446,ID,false
195,Marni,Meus,mmeus5e@wikimedia.org,(312) 5623257,IL,false
196,Margarette,Sherbourne,msherbourne5f@tinyurl.com,(304) 8866889,WV,false
197,Eldin,Berr,eberr5g@mozilla.org,(915) 1457101,TX,false
198,Meredith,Lubbock,mlubbock5h@furl.net,(803) 9535133,SC,false
199,Rhodie,Ghirardi,rghirardi5i@gizmodo.com,(727) 9026366,FL,false
200,Inge,Gout,igout5j@skype.com,(210) 6817663,TX,false
201,Ashlin,Kildahl,akildahl5k@free.fr,(910) 5596209,NC,false
202,Freddy,Cheshir,fcheshir5l@cnn.com,(219) 5747654,IN,false
203,Brena,Kolyagin,bkolyagin5m@state.tx.us,(757) 3018770,VA,false
204,Lyn,Fryatt,lfryatt5n@newsvine.com,(713) 4647463,TX,false
205,Mil,Jekel,mjekel5o@aboutads.info,(757) 4664568,VA,false
206,Jewell,Mulroy,jmulroy5p@nbcnews.com,(214) 5163046,TX,false
207,Koralle,Josef,kjosef5q@uol.com.br,(907) 3320821,AK,false
208,Eda,Dolbey,edolbey5r@pcworld.com,(714) 1892836,CA,false
209,Bink,Beatens,bbeatens5s@1und1.de,(203) 3471199,CT,false
210,Mandy,MacConneely,mmacconneely5t@storify.com,(312) 1778734,IL,false
211,Robinson,Burdon,rburdon5u@sitemeter.com,(202) 9698434,DC,false
212,Constanta,Fetherstan,cfetherstan5v@topsy.com,(361) 1385299,TX,false
213,Rosie,Mewton,rmewton5w@arizona.edu,(202) 4598831,DC,false
214,Rainer,Easby,reasby5x@mediafire.com,(702) 6472185,NV,false
215,Shandy,Dobrovolski,sdobrovolski5y@bluehost.com,(585) 6054997,NY,false
216,Constantine,Ballentime,cballentime5z@google.com.br,(714) 4744899,CA,false
217,Lettie,Soff,lsoff60@paypal.com,(310) 8649548,CA,false
218,Berti,Kibbe,bkibbe61@surveymonkey.com,(937) 2976006,OH,false
219,Freddy,Syddon,fsyddon62@hibu.com,(209) 8596744,CA,false
220,Ransom,Freathy,rfreathy63@typepad.com,(605) 8558512,SD,false
221,Verney,Odo,vodo64@twitter.com,(317) 7690935,IN,false
222,Trey,Scrivenor,tscrivenor65@bandcamp.com,(212) 7860489,NY,false
223,Syman,Whawell,swhawell66@howstuffworks.com,(701) 6900232,ND,false
224,Joelie,Woolnough,jwoolnough67@spotify.com,(915) 8470830,TX,false
225,Vince,Rossin,vrossin68@miibeian.gov.cn,(251) 4026639,AL,false
226,Luella,Geelan,lgeelan69@omniture.com,(330) 4761777,OH,false
227,Octavia,Filippone,ofilippone6a@quantcast.com,(432) 6149732,TX,false
228,Virgie,Prime,vprime6b@elegantthemes.com,(559) 5357267,CA,false
229,Em,World,eworld6c@sohu.com,(561) 6700092,FL,false
230,Granny,Drury,gdrury6d@yellowpages.com,(479) 7056040,AR,false
231,Lewes,Frank,lfrank6e@wp.com,(512) 6100718,TX,false
232,Parker,Broadis,pbroadis6f@constantcontact.com,(706) 9193230,GA,false
233,Meggi,Jovicic,mjovicic6g@sohu.com,(312) 9431085,IL,false
234,Maridel,Croizier,mcroizier6h@tamu.edu,(415) 8604310,CA,false
235,Dalli,Tidbold,dtidbold6i@columbia.edu,(414) 4218732,WI,false
236,Joy,Bickmore,jbickmore6j@rakuten.co.jp,(661) 7363021,CA,false
237,Nikolaos,Helbeck,nhelbeck6k@wix.com,(415) 2071171,CA,false
238,Toddy,Stiggers,tstiggers6l@prlog.org,(757) 8355223,VA,false
239,Izaak,Dunthorne,idunthorne6m@adobe.com,(510) 8288255,CA,false
240,Diarmid,Kraft,dkraft6n@cdbaby.com,(303) 4201767,CO,false
241,Kathy,Goburn,kgoburn6o@addtoany.com,(202) 1623357,DC,false
242,Cheslie,Beckingham,cbeckingham6p@topsy.com,(260) 3755617,IN,false
243,Marrissa,Sheirlaw,msheirlaw6q@ibm.com,(609) 5132634,NJ,false
244,Alberto,Widdicombe,awiddicombe6r@blogtalkradio.com,(478) 6569707,GA,false
245,Linn,Pepineaux,lpepineaux6s@redcross.org,(618) 6652843,IL,false
246,Silvio,MacAndie,smacandie6t@tinypic.com,(404) 1636273,GA,false
247,Valentin,Gooley,vgooley6u@harvard.edu,(209) 4889901,CA,false
248,Elsworth,Howatt,ehowatt6v@posterous.com,(954) 1688052,FL,false
249,Kevina,Plain,kplain6w@bandcamp.com,(302) 5899742,DE,false
250,Licha,Topham,ltopham6x@ft.com,(503) 3186595,OR,false
251,Elden,Prene,eprene6y@devhub.com,(614) 4256266,OH,false
252,Reuben,Pasticznyk,rpasticznyk6z@nih.gov,(917) 9999441,NY,false
253,Shela,Bruniges,sbruniges70@soundcloud.com,(941) 5835151,FL,false
254,Elnora,Liepins,eliepins71@wordpress.org,(860) 6733791,CT,false
255,Livy,Sliney,lsliney72@ocn.ne.jp,(714) 7856202,CA,false
256,Keith,Hambrick,khambrick73@epa.gov,(347) 1110060,NY,false
257,Giacopo,Plewman,gplewman74@myspace.com,(501) 7159153,AR,false
258,Matty,MacAscaidh,mmacascaidh75@delicious.com,(804) 7870743,VA,false
259,Kinny,Defau,kdefau76@trellian.com,(480) 9162888,AZ,false
260,Elvera,Stouther,estouther77@drupal.org,(402) 1935999,NE,false
261,Ted,Rollitt,trollitt78@blogger.com,(603) 8218103,NH,false
262,Ortensia,Demko,odemko79@privacy.gov.au,(520) 2025272,AZ,false
263,Hana,Blyth,hblyth7a@jalbum.net,(336) 2722218,NC,false
264,Carroll,Philpotts,cphilpotts7b@tuttocitta.it,(901) 4013162,TN,false
265,Melisent,Eaton,meaton7c@gov.uk,(330) 9451212,OH,false
266,Tomlin,Burbidge,tburbidge7d@si.edu,(501) 1448552,AR,false
267,Stanislaw,Proudler,sproudler7e@cornell.edu,(817) 7821237,TX,false
268,Armand,Pressnell,apressnell7f@4shared.com,(502) 4894861,KY,false
269,Jordain,Lavallin,jlavallin7g@opensource.org,(405) 8411950,OK,false
270,Aldis,Scibsey,ascibsey7h@scientificamerican.com,(818) 2439444,CA,false
271,Carmelina,Dowle,cdowle7i@intel.com,(937) 9422201,OH,false
272,Dana,Khoter,dkhoter7j@chronoengine.com,(417) 7086097,MO,false
273,Christy,Spurden,cspurden7k@forbes.com,(785) 3733334,KS,false
274,Nelson,Jenckes,njenckes7l@toplist.cz,(774) 7550433,MA,false
275,Serene,Kinig,skinig7m@mtv.com,(916) 1802406,CA,false
276,Jordanna,Grinikhin,jgrinikhin7n@microsoft.com,(315) 1146278,NY,false
277,Maureen,Gartland,mgartland7o@squarespace.com,(617) 2023283,MA,false
278,Ferrell,Garred,fgarred7p@princeton.edu,(716) 2038009,NY,false
279,Armstrong,Tassaker,atassaker7q@netvibes.com,(425) 4429189,WA,false
280,Linea,Peakman,lpeakman7r@weebly.com,(315) 9272566,NY,false
281,Helaina,Luney,hluney7s@dailymail.co.uk,(619) 2414294,CA,false
282,Berte,Andrys,bandrys7t@is.gd,(336) 7304395,NC,false
283,Farrel,MacSorley,fmacsorley7u@icq.com,(936) 1843770,TX,false
284,Lind,Djordjevic,ldjordjevic7v@independent.co.uk,(530) 2457618,CA,false
285,Wilmer,Tall,wtall7w@sun.com,(423) 8534843,TN,false
286,Farlie,Lavens,flavens7x@sphinn.com,(859) 8490287,KY,false
287,Fonz,Swayne,fswayne7y@creativecommons.org,(386) 2717907,FL,false
288,Gretal,Vigrass,gvigrass7z@sina.com.cn,(816) 7628270,KS,false
289,Nicolai,Busse,nbusse80@photobucket.com,(512) 2187396,TX,false
290,Dione,Fowden,dfowden81@desdev.cn,(330) 2714218,OH,false
291,Bari,Mc Caghan,bmccaghan82@guardian.co.uk,(571) 8960051,VA,false
292,Lynn,Dowker,ldowker83@gmpg.org,(801) 8641482,UT,false
293,Adan,Gower,agower84@google.co.jp,(336) 4405748,NC,false
294,Keary,Seers,kseers85@kickstarter.com,(910) 5258337,NC,false
295,Chrissie,Penzer,cpenzer86@free.fr,(330) 2719848,OH,false
296,Conan,Popping,cpopping87@globo.com,(423) 9023441,TN,false
297,Jessi,Boultwood,jboultwood88@indiegogo.com,(504) 6412677,LA,false
298,Nye,Brimacombe,nbrimacombe89@miitbeian.gov.cn,(212) 7609597,NY,false
299,Krystalle,Perdue,kperdue8a@fotki.com,(559) 9577072,CA,false
300,Raff,Soitoux,rsoitoux8b@cafepress.com,(202) 5486537,DC,false
301,Don,Cluely,dcluely8c@1und1.de,(205) 1335660,AL,false
302,Kevin,Merck,kmerck8d@mit.edu,(214) 4891884,TX,false
303,Terrell,Klugman,tklugman8e@unesco.org,(785) 4468083,KS,false
304,Blane,Dawton,bdawton8f@nasa.gov,(202) 8754224,DC,false
305,Staford,Mulvin,smulvin8g@baidu.com,(516) 7262082,NY,false
306,Morty,Stanhope,mstanhope8h@xing.com,(320) 6670790,MN,false
307,Catrina,Jiggle,cjiggle8i@squarespace.com,(404) 7291743,GA,false
308,Cassy,Shrubsall,cshrubsall8j@vkontakte.ru,(218) 2816821,MN,false
309,Levey,Hutcheons,lhutcheons8k@furl.net,(214) 5223404,TX,false
310,Ann,Chazotte,achazotte8l@hexun.com,(713) 7398443,TX,false
311,Isa,Kemster,ikemster8m@canalblog.com,(608) 8945241,WI,false
312,Bjorn,Plimmer,bplimmer8n@pbs.org,(949) 8495436,CA,false
313,Alexi,Griffe,agriffe8o@addthis.com,(571) 3729911,VA,false
314,Morgan,Doumerque,mdoumerque8p@businessinsider.com,(203) 9074794,CT,false
315,Ashlen,Antonsen,aantonsen8q@google.ca,(703) 8714896,VA,false
316,Maximilien,Baton,mbaton8r@howstuffworks.com,(915) 3702852,TX,false
317,Annette,Litzmann,alitzmann8s@fc2.com,(304) 3498811,WV,false
318,Beth,Drawmer,bdrawmer8t@sun.com,(215) 1431665,PA,false
319,Dosi,Gogarty,dgogarty8u@hc360.com,(909) 6022576,CA,false
320,Rayner,Gimber,rgimber8v@rakuten.co.jp,(859) 1320080,KY,false
321,Pattie,Dalinder,pdalinder8w@prlog.org,(772) 3267061,FL,false
322,Claiborn,Schulke,cschulke8x@geocities.jp,(901) 4704185,TN,false
323,Binky,Hartil,bhartil8y@homestead.com,(518) 9057828,NY,false
324,Dottie,Izakson,dizakson8z@gmpg.org,(215) 4944629,PA,false
325,Rubi,Waine,rwaine90@fema.gov,(951) 7552108,CA,false
326,Marjory,Laise,mlaise91@bluehost.com,(814) 7353689,PA,false
327,Nell,Ratcliffe,nratcliffe92@google.nl,(719) 7250630,CO,false
328,Brockie,Glasebrook,bglasebrook93@shutterfly.com,(585) 3965280,NY,false
329,Corbie,Souten,csouten94@yolasite.com,(763) 2318595,MN,false
330,Thia,Dawson,tdawson95@cpanel.net,(510) 4496835,CA,false
331,Osbourn,Spring,ospring96@mapy.cz,(216) 9834860,OH,false
332,Reuven,Lambillion,rlambillion97@eventbrite.com,(617) 2106731,MA,false
333,Spencer,Worboy,sworboy98@pbs.org,(682) 6219659,TX,false
334,Olva,Pizey,opizey99@marriott.com,(801) 8516983,UT,false
335,Jarred,Nuttey,jnuttey9a@topsy.com,(724) 2266899,PA,false
336,Willis,Tolossi,wtolossi9b@tmall.com,(816) 8061692,MO,false
337,Arlina,Rothermel,arothermel9c@example.com,(716) 4670355,NY,false
338,Austin,Dorcey,adorcey9d@psu.edu,(608) 9961059,WI,false
339,Joel,Harral,jharral9e@histats.com,(713) 2203567,TX,false
340,Kort,Boot,kboot9f@surveymonkey.com,(319) 9587678,IA,false
341,Ermentrude,Pavek,epavek9g@hc360.com,(212) 4696811,NY,false
342,Kearney,Kacheler,kkacheler9h@hud.gov,(816) 7797415,MO,false
343,Hall,Bettaney,hbettaney9i@mashable.com,(713) 5117269,TX,false
344,Raina,Garlee,rgarlee9j@indiatimes.com,(513) 4799071,OH,false
345,Neysa,Titta,ntitta9k@cnet.com,(419) 8321489,OH,false
346,Elsinore,Roarty,eroarty9l@prlog.org,(405) 2282194,OK,false
347,Buffy,Sivess,bsivess9m@blogger.com,(336) 2127296,NC,false
348,Juieta,McCafferky,jmccafferky9n@discovery.com,(309) 3325254,IL,false
349,Bettye,Glencrash,bglencrash9o@people.com.cn,(804) 8940269,VA,false
350,Brigg,Matyasik,bmatyasik9p@berkeley.edu,(205) 3254719,AL,false
351,Knox,Devenny,kdevenny9q@delicious.com,(971) 9560386,OR,false
352,Swen,Sumbler,ssumbler9r@dedecms.com,(619) 3736123,CA,false
353,Elladine,Hambric,ehambric9s@clickbank.net,(210) 7848502,TX,false
354,Emelen,Theunissen,etheunissen9t@domainmarket.com,(954) 7950599,FL,false
355,Emmi,Gandrich,egandrich9u@apple.com,(513) 7770931,OH,false
356,Hoebart,Cownden,hcownden9v@examiner.com,(210) 6649095,TX,false
357,Benetta,Garrie,bgarrie9w@cnn.com,(480) 6025965,AZ,false
358,Giovanni,Rake,grake9x@abc.net.au,(901) 2760584,TN,false
359,Gertrud,Kingsworth,gkingsworth9y@google.com.hk,(318) 9378467,LA,false
360,Benjie,Walrond,bwalrond9z@51.la,(404) 4562294,GA,false
361,Sheelagh,Urpeth,surpetha0@un.org,(706) 4719692,GA,false
362,Orville,Pococke,opocockea1@4shared.com,(914) 7630608,NY,false
363,Penelopa,Chambers,pchambersa2@prlog.org,(770) 9753653,GA,false
364,Meier,Herkess,mherkessa3@sun.com,(516) 4948684,NY,false
365,Umberto,Smewing,usmewinga4@smh.com.au,(510) 5712607,CA,false
366,Phelia,MacPaik,pmacpaika5@addthis.com,(812) 3114066,IN,false
367,Corilla,Chicotti,cchicottia6@dedecms.com,(202) 5334768,DC,false
368,Lucretia,Posner,lposnera7@twitter.com,(501) 6492760,AR,false
369,Holli,Blackaller,hblackallera8@weebly.com,(512) 5703619,TX,false
370,Siusan,Etheridge,setheridgea9@soundcloud.com,(832) 1840129,TX,false
371,Eugene,M'Barron,embarronaa@cnet.com,(217) 9974516,IL,false
372,Currie,Stebbin,cstebbinab@adobe.com,(318) 6750927,LA,false
373,Delia,Capey,dcapeyac@miitbeian.gov.cn,(325) 1160916,TX,false
374,Raddy,Oldroyd,roldroydad@freewebs.com,(720) 8894923,CO,false
375,Hurley,Parkes,hparkesae@hugedomains.com,(520) 6196334,AZ,false
376,Saleem,Jaszczak,sjaszczakaf@cbc.ca,(805) 4879587,CA,false
377,Mayor,Carek,mcarekag@hubpages.com,(813) 6285197,FL,false
378,Carolee,Sowood,csowoodah@engadget.com,(314) 3666722,MO,false
379,Romonda,Rounding,rroundingai@barnesandnoble.com,(202) 8077845,DC,false
380,Philipa,Wickersley,pwickersleyaj@chron.com,(205) 3191787,AL,false
381,Amos,Emmer,aemmerak@plala.or.jp,(571) 6002152,VA,false
382,Jessamyn,Trangmar,jtrangmaral@livejournal.com,(214) 8304925,TX,false
383,Tymothy,Teaz,tteazam@jalbum.net,(718) 9749547,NY,false
384,Merci,Dibden,mdibdenan@msu.edu,(817) 5385497,TX,false
385,Umeko,Maskell,umaskellao@edublogs.org,(615) 2902420,TN,false
386,Merrel,Forstall,mforstallap@china.com.cn,(812) 1969838,IN,false
387,Jinny,Smellie,jsmellieaq@pinterest.com,(319) 7534643,IA,false
388,Shirl,Wheeldon,swheeldonar@rakuten.co.jp,(706) 4235244,GA,false
389,Ariadne,Tumini,atuminias@google.com,(614) 8550707,OH,false
390,Benetta,Whitehair,bwhitehairat@istockphoto.com,(720) 1609685,CO,false
391,Claudianus,Dries,cdriesau@exblog.jp,(786) 1662795,FL,false
392,Martie,Pariss,mparissav@admin.ch,(714) 1780580,CA,false
393,Elmer,Clack,eclackaw@angelfire.com,(405) 9912759,OK,false
394,Jenny,Wiburn,jwiburnax@networkadvertising.org,(937) 5456526,OH,false
395,Shawnee,Peete,speeteay@archive.org,(315) 5889778,NY,false
396,Annmarie,Giblin,agiblinaz@networksolutions.com,(214) 9291766,TX,false
397,Pamella,Toopin,ptoopinb0@cdbaby.com,(727) 4093420,FL,false
398,Lyndsie,Crowder,lcrowderb1@aol.com,(915) 3151348,TX,false
399,Jarred,Cristofolini,jcristofolinib2@netvibes.com,(231) 2652105,MI,false
400,Rhona,Gillino,rgillinob3@lycos.com,(763) 6095539,MN,false
401,Benedikta,Paybody,bpaybodyb4@macromedia.com,(937) 4597058,OH,false
402,Raymond,Fraczak,rfraczakb5@ifeng.com,(757) 9172669,VA,false
403,Hillard,Fragino,hfraginob6@amazon.de,(651) 2454205,MN,false
404,Ebony,Luard,eluardb7@google.it,(978) 2464823,MA,false
405,Shoshanna,Pollins,spollinsb8@topsy.com,(814) 4052856,PA,false
406,Johannes,Brasener,jbrasenerb9@facebook.com,(269) 3903255,MI,false
407,Cristiano,Witten,cwittenba@homestead.com,(212) 2560276,NY,false
408,Rhianon,Benedicto,rbenedictobb@hc360.com,(718) 3520541,NY,false
409,Brande,Challis,bchallisbc@youtube.com,(574) 9790533,IN,false
410,Lonny,Afonso,lafonsobd@discuz.net,(402) 2609934,NE,false
411,Gae,Matterface,gmatterfacebe@telegraph.co.uk,(212) 9915073,NY,false
412,Rebecka,Neilus,rneilusbf@wired.com,(202) 7638115,DC,false
413,Kellby,Warbey,kwarbeybg@fastcompany.com,(603) 1948338,NH,false
414,Loutitia,Provest,lprovestbh@reddit.com,(405) 8560581,OK,false
415,Myrvyn,Ledwidge,mledwidgebi@godaddy.com,(214) 4045022,TX,false
416,Enrichetta,Sidery,esiderybj@edublogs.org,(432) 9123640,TX,false
417,Renee,Davidovich,rdavidovichbk@scientificamerican.com,(770) 1082387,GA,false
418,Eddie,Oliver,eoliverbl@discovery.com,(304) 4339320,WV,false
419,Edgardo,Harbach,eharbachbm@wikispaces.com,(714) 6049548,CA,false
420,Lewie,Peyton,lpeytonbn@bbb.org,(818) 8390086,CA,false
421,Sadye,Easton,seastonbo@businessweek.com,(504) 8097453,LA,false
422,Idelle,Lucio,iluciobp@reverbnation.com,(515) 4110696,IA,false
423,Jilly,Frill,jfrillbq@w3.org,(202) 7661349,DC,false
424,Clemente,Lingard,clingardbr@pbs.org,(504) 2280391,LA,false
425,Sherri,Danielou,sdanieloubs@vinaora.com,(805) 2219633,CA,false
426,Hyman,Vasnetsov,hvasnetsovbt@de.vu,(404) 5076984,GA,false
427,Dorena,Boise,dboisebu@delicious.com,(206) 2041079,WA,false
428,Dedra,Geraldo,dgeraldobv@bigcartel.com,(304) 9977798,WV,false
429,Shaun,Abilowitz,sabilowitzbw@scribd.com,(424) 8720138,CA,false
430,Meriel,Charville,mcharvillebx@booking.com,(210) 5242537,TX,false
431,Darwin,Setch,dsetchby@elegantthemes.com,(917) 8677906,NY,false
432,Wilhelmine,Bresnahan,wbresnahanbz@google.com.br,(562) 1119699,CA,false
433,Abramo,Urwin,aurwinc0@list-manage.com,(510) 5525793,CA,false
434,Nedi,Ribchester,nribchesterc1@shareasale.com,(310) 5677196,CA,false
435,Riccardo,Cruise,rcruisec2@umich.edu,(334) 9811082,AL,false
436,Zita,McOrkil,zmcorkilc3@china.com.cn,(414) 4397982,WI,false
437,Evey,Arckoll,earckollc4@bing.com,(360) 6421536,WA,false
438,Jobina,Giacaponi,jgiacaponic5@youku.com,(515) 6776070,IA,false
439,Bobbie,Moiser,bmoiserc6@privacy.gov.au,(757) 4728389,VA,false
440,Archaimbaud,Jiras,ajirasc7@purevolume.com,(773) 5353943,IL,false
441,Cointon,Shillitto,cshillittoc8@ca.gov,(727) 5316303,FL,false
442,Hannah,Dami,hdamic9@wikispaces.com,(704) 2842944,NC,false
443,Eldridge,Joutapavicius,ejoutapaviciusca@yelp.com,(330) 3889671,OH,false
444,Maryl,Coombes,mcoombescb@behance.net,(205) 6025786,AL,false
445,Briano,Davidson,bdavidsoncc@last.fm,(559) 6954556,CA,false
446,Maggy,Andryushin,mandryushincd@reddit.com,(512) 6618590,TX,false
447,Kimberli,Greatex,kgreatexce@adobe.com,(806) 2154140,TX,false
448,Gerianna,Baldacco,gbaldaccocf@cnn.com,(661) 1019924,CA,false
449,Danya,Lelande,dlelandecg@newsvine.com,(504) 2968482,LA,false
450,Say,Repper,srepperch@abc.net.au,(765) 5324539,IN,false
451,Bamby,Kinchley,bkinchleyci@oaic.gov.au,(765) 2257536,IN,false
452,De,Taphouse,dtaphousecj@google.co.uk,(202) 7265478,DC,false
453,Crissie,Speariett,cspeariettck@apache.org,(812) 9316470,IN,false
454,Remington,Teanby,rteanbycl@sciencedaily.com,(803) 6240902,SC,false
455,Christel,Talby,ctalbycm@reddit.com,(814) 3864491,PA,false
456,Parrnell,Jeynes,pjeynescn@europa.eu,(701) 7113139,ND,false
457,Calv,Portigall,cportigallco@discuz.net,(646) 4134202,NY,false
458,Cello,Housden,chousdencp@123-reg.co.uk,(202) 8222021,DC,false
459,Merralee,Lander,mlandercq@cyberchimps.com,(281) 3425392,TX,false
460,Dalt,Brownhill,dbrownhillcr@narod.ru,(334) 3523276,AL,false
461,Stefania,Acaster,sacastercs@spiegel.de,(714) 9879047,CA,false
462,Fin,Wooffinden,fwooffindenct@flavors.me,(614) 1865886,OH,false
463,Muire,Armsby,marmsbycu@theglobeandmail.com,(205) 3283668,AL,false
464,Kirsten,Hale,khalecv@prweb.com,(505) 6786749,NM,false
465,Skelly,Grouse,sgrousecw@noaa.gov,(316) 3924743,KS,false
466,Regine,Camis,rcamiscx@typepad.com,(915) 6865240,TX,false
467,Ailis,Deners,adenerscy@google.nl,(913) 5298567,KS,false
468,Donny,Brissard,dbrissardcz@twitpic.com,(804) 4469927,VA,false
469,Lee,Marston,lmarstond0@wikipedia.org,(570) 6202930,PA,false
470,Nickolai,Biever,nbieverd1@ezinearticles.com,(651) 3465483,MN,false
471,Jasen,Hurll,jhurlld2@oakley.com,(303) 6204257,CO,false
472,Jerrie,Nabbs,jnabbsd3@ca.gov,(212) 4151957,NY,false
473,Uriah,McKechnie,umckechnied4@de.vu,(509) 4839911,WA,false
474,Winslow,Ransfield,wransfieldd5@wix.com,(571) 8447431,VA,false
475,Franni,Whitear,fwhiteard6@disqus.com,(805) 4104425,CA,false
476,Rebecka,Nozzolii,rnozzoliid7@webmd.com,(914) 3638737,NY,false
477,Dicky,Culleford,dcullefordd8@cbsnews.com,(770) 3923251,GA,false
478,Ingelbert,D'Alessio,idalessiod9@reddit.com,(404) 4311791,GA,false
479,Miner,Rickis,mrickisda@facebook.com,(260) 6339220,IN,false
480,Viviana,Damato,vdamatodb@prlog.org,(912) 4521341,GA,false
481,Babbette,Gavaran,bgavarandc@smugmug.com,(334) 4870293,AL,false
482,Edna,Klimke,eklimkedd@ameblo.jp,(540) 4039554,VA,false
483,Delcina,Duligall,dduligallde@oaic.gov.au,(260) 5803043,IN,false
484,Rockie,Edmund,redmunddf@soundcloud.com,(626) 8393294,CA,false
485,Royal,Ciciotti,rciciottidg@admin.ch,(502) 4196874,KY,false
486,Winthrop,Tompsett,wtompsettdh@squarespace.com,(808) 9922255,HI,false
487,Moina,Aldred,maldreddi@time.com,(318) 2978092,LA,false
488,Sherie,Wootton,swoottondj@toplist.cz,(512) 6245075,TX,false
489,Sigrid,Heilds,sheildsdk@businessinsider.com,(913) 8581208,KS,false
490,Lavina,Sydry,lsydrydl@miibeian.gov.cn,(305) 1691827,FL,false
491,Tobye,Choak,tchoakdm@usgs.gov,(501) 7709122,AR,false
492,Raff,Murrow,rmurrowdn@ox.ac.uk,(210) 3626279,TX,false
493,Eustacia,Aime,eaimedo@msn.com,(314) 1581733,MO,false
494,Robbin,De Stoop,rdestoopdp@freewebs.com,(850) 4957875,FL,false
495,Sabina,De Ferrari,sdeferraridq@oaic.gov.au,(815) 7735449,IL,false
496,Allister,Petr,apetrdr@mysql.com,(571) 6793064,VA,false
497,Adriano,Benge,abengeds@discovery.com,(813) 8585792,FL,false
498,Danny,Fozzard,dfozzarddt@wordpress.org,(302) 1528705,DE,false
499,Bearnard,Haxbie,bhaxbiedu@dyndns.org,(904) 9013910,FL,false
500,Monro,Whannel,mwhanneldv@cnbc.com,(215) 9556170,PA,false
501,Stephi,Brettell,sbrettelldw@zdnet.com,(212) 1738799,NY,false
502,Betteanne,Pressman,bpressmandx@quantcast.com,(480) 9505004,AZ,false
503,Lynelle,Knolles-Green,lknollesgreendy@creativecommons.org,(502) 9819668,KY,false
504,Elli,Mayoral,emayoraldz@zdnet.com,(316) 1326543,KS,false
505,Nert,Medland,nmedlande0@toplist.cz,(510) 4704686,CA,false
506,Jobi,Cancellor,jcancellore1@wp.com,(404) 8922599,GA,false
507,Dominick,Wolseley,dwolseleye2@google.es,(972) 5228890,TX,false
508,Linn,Hollow,lhollowe3@google.co.uk,(952) 2509915,MN,false
509,Lorenza,Eadington,leadingtone4@rambler.ru,(717) 8719793,PA,false
510,Daphene,Corssen,dcorssene5@shop-pro.jp,(202) 5478374,DC,false
511,Alexi,Garside,agarsidee6@google.ca,(330) 3443426,OH,false
512,Jacquenette,Christopherson,jchristophersone7@cam.ac.uk,(727) 1673431,FL,false
513,Cristiano,Loughhead,cloughheade8@creativecommons.org,(417) 1951671,MO,false
514,Rodney,Brydon,rbrydone9@disqus.com,(210) 8462100,TX,false
515,Edita,Pavier,epavierea@latimes.com,(414) 6442571,WI,false
516,Elsy,Laffoley-Lane,elaffoleylaneeb@jalbum.net,(307) 1815770,WY,false
517,Isahella,Grigorey,igrigoreyec@nyu.edu,(571) 3356120,VA,false
518,Ario,Blasius,ablasiused@smugmug.com,(540) 7138944,VA,false
519,Amargo,Banasik,abanasikee@jigsy.com,(562) 9767105,CA,false
520,Jenifer,Lilbourne,jlilbourneef@umn.edu,(215) 4092622,PA,false
521,Romain,Haughin,rhaughineg@surveymonkey.com,(337) 2029581,LA,false
522,Kizzee,McFadin,kmcfadineh@mac.com,(323) 8100630,CA,false
523,Mufi,Hursthouse,mhursthouseei@nytimes.com,(502) 6584828,KY,false
524,Jerrine,Fancott,jfancottej@photobucket.com,(502) 3389093,KY,false
525,Danica,Ziemens,dziemensek@privacy.gov.au,(719) 3311019,CO,false
526,Madelin,Cruden,mcrudenel@deliciousdays.com,(214) 5116684,TX,false
527,Tymothy,Fleming,tflemingem@nymag.com,(850) 2460951,FL,false
528,Corbin,Sivil,csivilen@parallels.com,(971) 9920603,OR,false
529,Rodd,Aneley,raneleyeo@dyndns.org,(260) 4686741,IN,false
530,Dorita,Fleury,dfleuryep@ovh.net,(212) 8957004,NY,false
531,Lesley,Heymes,lheymeseq@smh.com.au,(952) 2535174,MN,false
532,Arlene,O' Hanvey,aohanveyer@addthis.com,(419) 3009909,OH,false
533,Melva,Boffin,mboffines@cam.ac.uk,(513) 6707388,OH,false
534,Tana,Slade,tsladeet@toplist.cz,(602) 5794975,AZ,false
535,Iosep,McGlew,imcgleweu@bluehost.com,(254) 3703903,TX,false
536,Jase,Gaskarth,jgaskarthev@last.fm,(502) 5272373,KY,false
537,Hallie,Pattemore,hpattemoreew@taobao.com,(202) 8666635,DC,false
538,Noe,Yorston,nyorstonex@hp.com,(619) 9493252,CA,false
539,Gary,Lympenie,glympenieey@parallels.com,(202) 8653940,DC,false
540,Juan,Broseke,jbrosekeez@apache.org,(415) 4546557,CA,false
541,Maryjo,Pulley,mpulleyf0@google.com,(410) 3594016,MD,false
542,Winnie,Merrgen,wmerrgenf1@csmonitor.com,(512) 2035755,TX,false
543,Ellerey,Thoresbie,ethoresbief2@soundcloud.com,(915) 8455201,TX,false
544,Velvet,Kubach,vkubachf3@yolasite.com,(973) 2303909,NJ,false
545,Nahum,Drains,ndrainsf4@patch.com,(847) 2752754,IL,false
546,Elvina,Hanshaw,ehanshawf5@wikia.com,(773) 9152912,IL,false
547,Bel,Loxston,bloxstonf6@drupal.org,(510) 4525470,CA,false
548,Rafaellle,McCourtie,rmccourtief7@aol.com,(865) 1872566,TN,false
549,Freddie,Borrell,fborrellf8@google.fr,(850) 7133425,FL,false
550,Karlene,Stratiff,kstratifff9@flavors.me,(910) 9599062,NC,false
551,Elmo,Cahey,ecaheyfa@wunderground.com,(330) 7207510,OH,false
552,Westleigh,Simenet,wsimenetfb@dion.ne.jp,(860) 4703972,CT,false
553,Hugh,Crawshaw,hcrawshawfc@fema.gov,(405) 9406385,OK,false
554,Mike,Gauler,mgaulerfd@pinterest.com,(213) 9709756,CA,false
555,Zarla,Aleksashin,zaleksashinfe@cargocollective.com,(215) 6214986,PA,false
556,Ronica,Money,rmoneyff@hao123.com,(202) 1452883,DC,false
557,Neala,Lafayette,nlafayettefg@umich.edu,(612) 5369104,MN,false
558,Christophorus,Brittan,cbrittanfh@netvibes.com,(915) 2726818,TX,false
559,Marlin,Portt,mporttfi@vkontakte.ru,(858) 2777937,CA,false
560,Lorant,Yardy,lyardyfj@hp.com,(864) 4164311,SC,false
561,Edmund,Redhills,eredhillsfk@theglobeandmail.com,(443) 1756510,MD,false
562,Clarissa,Baldocci,cbaldoccifl@sciencedirect.com,(714) 7698600,CA,false
563,Cobb,Avo,cavofm@jugem.jp,(862) 5120261,NJ,false
564,Bertie,Geraldez,bgeraldezfn@godaddy.com,(305) 8305212,FL,false
565,Cullie,Hazart,chazartfo@g.co,(225) 9411167,LA,false
566,Russ,Verryan,rverryanfp@umn.edu,(405) 1403144,OK,false
567,Kayle,Liversidge,kliversidgefq@technorati.com,(907) 7201263,AK,false
568,Carl,Ferminger,cfermingerfr@bbb.org,(202) 9085119,DC,false
569,Clementius,Gariff,cgarifffs@google.ru,(786) 9338499,FL,false
570,Rodger,Cattrell,rcattrellft@histats.com,(323) 4668347,CA,false
571,Dorice,Howden,dhowdenfu@prlog.org,(415) 8408763,CA,false
572,Clay,Dacombe,cdacombefv@irs.gov,(347) 2765424,NY,false
573,Clint,Glozman,cglozmanfw@lycos.com,(513) 8874537,OH,false
574,Lizbeth,Marsland,lmarslandfx@nhs.uk,(309) 5882640,IL,false
575,Kipper,Guihen,kguihenfy@weibo.com,(650) 4258278,CA,false
576,Francisco,Rangle,franglefz@flavors.me,(212) 5894516,NY,false
577,Ilene,Sautter,isautterg0@squarespace.com,(213) 4615349,CA,false
578,Scotty,Edgecombe,sedgecombeg1@tripod.com,(219) 9739901,IN,false
579,Reinaldos,O'Carney,rocarneyg2@columbia.edu,(512) 3089683,TX,false
580,Lyndsie,Pohl,lpohlg3@berkeley.edu,(303) 7783366,CO,false
581,Meagan,Frowde,mfrowdeg4@soup.io,(281) 3305264,TX,false
582,Marika,Cockcroft,mcockcroftg5@biblegateway.com,(202) 3785056,DC,false
583,Jules,Workman,jworkmang6@nyu.edu,(410) 5979547,MD,false
584,Calvin,Cromly,ccromlyg7@t-online.de,(406) 3991008,MT,false
585,David,Bassford,dbassfordg8@jigsy.com,(718) 3666684,NY,false
586,Darcee,Augustin,daugusting9@g.co,(504) 4020544,LA,false
587,Ashia,Carverhill,acarverhillga@stumbleupon.com,(310) 4689030,CA,false
588,Isador,Addison,iaddisongb@state.gov,(215) 8901163,PA,false
589,Edsel,Openshaw,eopenshawgc@howstuffworks.com,(570) 3622537,PA,false
590,Gaelan,Howden,ghowdengd@auda.org.au,(334) 2324033,AL,false
591,Kendall,Carefull,kcarefullge@cnbc.com,(716) 7371939,NY,false
592,Daron,Olekhov,dolekhovgf@opensource.org,(760) 5083727,CA,false
593,Shurwood,Smullin,ssmullingg@dmoz.org,(253) 3554088,WA,false
594,Luce,Dahlback,ldahlbackgh@nasa.gov,(309) 3959661,IL,false
595,Bryon,Stemp,bstempgi@amazon.de,(518) 8028787,NY,false
596,Hagan,Hirtz,hhirtzgj@nbcnews.com,(414) 3670698,WI,false
597,Winnifred,Mouland,wmoulandgk@domainmarket.com,(757) 6258016,VA,false
598,Sheilah,Danielian,sdanieliangl@eepurl.com,(804) 2360800,VA,false
599,Pascale,Lindro,plindrogm@huffingtonpost.com,(435) 6326065,UT,false
600,Wittie,Vaillant,wvaillantgn@tuttocitta.it,(804) 4495705,VA,false
601,Belia,Opfer,bopfergo@bravesites.com,(408) 1364916,CA,false
602,Madeline,MacKey,mmackeygp@ameblo.jp,(801) 5453299,UT,false
603,Aeriela,Branchflower,abranchflowergq@dailymotion.com,(316) 3936137,KS,false
604,Bar,Evens,bevensgr@shinystat.com,(203) 5541963,CT,false
605,Leela,Fairall,lfairallgs@si.edu,(260) 8335403,IN,false
606,Dina,Kiraly,dkiralygt@csmonitor.com,(910) 2294292,NC,false
607,Quintilla,Meffin,qmeffingu@seattletimes.com,(704) 1451129,NC,false
608,Avram,Faber,afabergv@engadget.com,(615) 4502935,TN,false
609,Dotty,Grieves,dgrievesgw@biblegateway.com,(678) 3673552,GA,false
610,Jillie,Thewlis,jthewlisgx@topsy.com,(850) 3114287,FL,false
611,Alyosha,Asprey,aaspreygy@theglobeandmail.com,(254) 9360318,TX,false
612,Shep,Eam,seamgz@cisco.com,(951) 1301311,CA,false
613,Orbadiah,Seagrove,oseagroveh0@omniture.com,(727) 6314412,FL,false
614,Shanon,Antonchik,santonchikh1@scribd.com,(774) 2814037,MA,false
615,Tremayne,Lorain,tlorainh2@istockphoto.com,(312) 3530202,IL,false
616,Tim,Greggor,tgreggorh3@purevolume.com,(214) 3708005,TX,false
617,Aryn,Haberfield,ahaberfieldh4@fc2.com,(424) 5967141,CA,false
618,Livvyy,Beauchop,lbeauchoph5@jimdo.com,(718) 1430095,NY,false
619,Xylina,Haville,xhavilleh6@tamu.edu,(561) 1743227,FL,false
620,Mercie,Whiley,mwhileyh7@flickr.com,(561) 4215762,FL,false
621,Hammad,Korneichik,hkorneichikh8@slashdot.org,(952) 1382285,MN,false
622,Bard,Oldknow,boldknowh9@ucla.edu,(818) 3057634,CA,false
623,Sayres,Tallow,stallowha@simplemachines.org,(404) 9128632,GA,false
624,Tierney,MacTrusty,tmactrustyhb@prlog.org,(610) 8450893,PA,false
625,Obadiah,Hierro,ohierrohc@java.com,(303) 1463817,CO,false
626,Cord,Side,csidehd@nydailynews.com,(920) 2969092,WI,false
627,Artur,Soppeth,asoppethhe@xing.com,(608) 2728612,WI,false
628,Alasteir,Laughrey,alaughreyhf@comsenz.com,(518) 7162610,NY,false
629,Mattheus,Farherty,mfarhertyhg@auda.org.au,(515) 2784516,IA,false
630,Carlota,Marcos,cmarcoshh@npr.org,(212) 6870254,NY,false
631,Gabriel,Streader,gstreaderhi@g.co,(303) 3857623,CO,false
632,Shelba,Pawlowicz,spawlowiczhj@opera.com,(321) 9475074,FL,false
633,Cyrill,Minci,cmincihk@google.com.hk,(865) 9993084,TN,false
634,Janean,Casemore,jcasemorehl@mapquest.com,(704) 5391008,NC,false
635,Enriqueta,Seagrave,eseagravehm@ebay.co.uk,(754) 8524194,FL,false
636,Grazia,Franke,gfrankehn@cbslocal.com,(206) 9413893,WA,false
637,Rodrique,Arnau,rarnauho@miitbeian.gov.cn,(515) 7348674,IA,false
638,Joeann,Ough,joughhp@globo.com,(830) 3685817,TX,false
639,Lesley,Parsisson,lparsissonhq@state.tx.us,(718) 5771423,NY,false
1000,Blake,Naismith,bnaismithhr@skyrock.com,(915) 2180345,TX,false
641,Sandy,Coultish,scoultishhs@edublogs.org,(202) 4242027,DC,false
642,Leshia,Gillivrie,lgillivrieht@house.gov,(303) 5958378,CO,false
643,Ambrose,Koschek,akoschekhu@mayoclinic.com,(336) 3775870,NC,false
644,Nikoletta,Rastrick,nrastrickhv@nationalgeographic.com,(315) 8766669,NY,false
645,Rourke,Chowne,rchownehw@imageshack.us,(334) 4197174,AL,false
646,Maiga,Rawlence,mrawlencehx@studiopress.com,(571) 4840948,VA,false
647,Geraldine,Ridgeway,gridgewayhy@tamu.edu,(281) 4529430,TX,false
648,Katerina,Ramlot,kramlothz@ameblo.jp,(619) 1496704,CA,false
649,Leigh,Featley,lfeatleyi0@ibm.com,(609) 2353655,NJ,false
650,Heather,Proudlock,hproudlocki1@posterous.com,(678) 2162155,GA,false
651,Lianne,Witherby,lwitherbyi2@shinystat.com,(501) 6206057,AR,false
652,Shoshana,Starkie,sstarkiei3@hc360.com,(801) 3253756,UT,false
653,Emalia,Lucian,eluciani4@pbs.org,(217) 3164720,IL,false
654,Gregor,MacMichael,gmacmichaeli5@cyberchimps.com,(202) 4144992,DC,false
655,Miguelita,Dunsmuir,mdunsmuiri6@java.com,(706) 3166178,GA,false
656,Carlee,Spat,cspati7@answers.com,(713) 9228372,TX,false
657,Innis,Ben,ibeni8@spotify.com,(509) 3178803,WA,false
658,Odie,Blurton,oblurtoni9@networkadvertising.org,(205) 8146180,AL,false
659,Harley,Mounch,hmounchia@clickbank.net,(407) 6155876,FL,false
660,Minny,Ville,mvilleib@google.es,(601) 6129674,MS,false
661,Genovera,Lauga,glaugaic@slashdot.org,(760) 5109211,CA,false
662,Florance,Oiller,foillerid@utexas.edu,(309) 1332447,IL,false
663,Wallis,Kuhl,wkuhlie@patch.com,(704) 3740857,NC,true
664,Louisa,Foux,lfouxif@twitpic.com,(202) 8208418,DC,false
665,Chere,Haslum,chaslumig@oracle.com,(602) 7698508,AZ,false
666,Clary,Sherrell,csherrellih@ucoz.ru,(954) 2339230,FL,false
667,Katrina,Ashdown,kashdownii@angelfire.com,(864) 1810424,SC,false
668,Dominick,Mollon,dmollonij@newyorker.com,(214) 5423085,TX,false
669,Jeannie,Restorick,jrestorickik@paginegialle.it,(757) 5622132,VA,false
670,Arie,Warstall,awarstallil@nasa.gov,(719) 4048931,CO,false
671,Harlen,Hynes,hhynesim@goo.gl,(480) 5456083,AZ,false
672,Claudette,Baldack,cbaldackin@blogtalkradio.com,(763) 2399530,MN,false
673,Dov,Crickmer,dcrickmerio@google.es,(781) 5190405,MA,false
674,Gualterio,Craft,gcraftip@squidoo.com,(434) 9584419,VA,false
675,Waverley,Shrubb,wshrubbiq@over-blog.com,(727) 5184495,FL,false
676,Karlotte,Capelow,kcapelowir@flavors.me,(414) 6538924,WI,false
677,Sydel,Fosh,sfoshis@51.la,(307) 8857861,WY,false
678,Parke,Habbal,phabbalit@diigo.com,(718) 1955089,NY,false
679,Garwood,Minchenton,gminchentoniu@google.de,(507) 1897706,MN,false
680,Alexandrina,Valeri,avaleriiv@google.de,(954) 7822000,FL,false
681,Masha,Haymes,mhaymesiw@newsvine.com,(260) 8340474,IN,false
682,Nahum,Ferron,nferronix@eepurl.com,(281) 8793142,TX,false
683,Louis,Melonby,lmelonbyiy@cnbc.com,(408) 1123795,CA,false
684,Patrice,Bullivent,pbulliventiz@nba.com,(860) 1788602,CT,false
685,Britteny,MacIlory,bmaciloryj0@fema.gov,(508) 3813501,MA,false
686,Franky,Odgaard,fodgaardj1@stumbleupon.com,(325) 9245994,TX,false
687,Rodd,Nussii,rnussiij2@fastcompany.com,(408) 4733941,CA,false
688,Shell,Chesher,schesherj3@springer.com,(503) 9811293,OR,false
689,Loree,Ateggart,lateggartj4@creativecommons.org,(702) 9149558,NV,false
690,Petr,Addekin,paddekinj5@prweb.com,(215) 1486611,PA,false
691,Samuele,Peirson,speirsonj6@lycos.com,(608) 6337491,WI,false
692,Kirbie,Leng,klengj7@jalbum.net,(626) 8915626,CA,false
693,Michele,Spooner,mspoonerj8@state.gov,(701) 5144793,ND,false
694,Modestine,Plank,mplankj9@vinaora.com,(818) 9505126,CA,false
695,Tybie,Shobbrook,tshobbrookja@redcross.org,(231) 8550500,MI,false
696,Niles,Synder,nsynderjb@dion.ne.jp,(617) 3399500,MA,false
697,Lib,Peachey,lpeacheyjc@ucoz.ru,(951) 9735060,CA,false
698,Karlis,Downton,kdowntonjd@seesaa.net,(413) 7994166,MA,false
699,Zorah,Halmkin,zhalmkinje@moonfruit.com,(801) 7805042,UT,false
700,Tan,Hagland,thaglandjf@upenn.edu,(607) 2740440,NY,false
701,Cheslie,Berick,cberickjg@amazonaws.com,(714) 5688981,CA,false
702,Gordon,Canniffe,gcanniffejh@ibm.com,(559) 6786749,CA,false
703,Bondon,Veel,bveelji@columbia.edu,(952) 1001646,MN,false
704,Yoshiko,Pafford,ypaffordjj@pen.io,(314) 8238457,MO,false
705,Fawnia,Blezard,fblezardjk@joomla.org,(209) 8488077,CA,false
706,Sofia,Widd,swiddjl@sbwire.com,(772) 2255459,FL,false
707,Stesha,Laven,slavenjm@msu.edu,(515) 4994640,IA,false
708,Art,Blance,ablancejn@linkedin.com,(858) 4671217,CA,false
709,Charmine,Wardlaw,cwardlawjo@cbsnews.com,(410) 1915867,MD,false
710,Englebert,Laycock,elaycockjp@twitter.com,(718) 1418521,NY,false
711,Barbee,Hamner,bhamnerjq@ihg.com,(626) 6660153,CA,false
712,Blaine,Cromett,bcromettjr@paginegialle.it,(801) 5840354,UT,false
713,Glyn,Sterre,gsterrejs@is.gd,(231) 3543712,MI,false
714,Bernardine,Croose,bcroosejt@cnet.com,(518) 4518695,NY,false
715,Henri,McKleod,hmckleodju@cbc.ca,(505) 2279421,NM,false
716,Regen,Leavens,rleavensjv@51.la,(859) 6619211,KY,false
717,Elias,Giannazzo,egiannazzojw@odnoklassniki.ru,(704) 3923778,NC,false
718,Salvidor,Burdon,sburdonjx@shinystat.com,(650) 4698372,CA,false
719,Saw,Irving,sirvingjy@mapy.cz,(315) 9343386,NY,false
720,Peyton,Micklem,pmicklemjz@cocolog-nifty.com,(214) 4176193,TX,false
721,Selinda,Meco,smecok0@wisc.edu,(919) 5296547,NC,false
722,Tobit,Kunneke,tkunnekek1@livejournal.com,(202) 5790160,DC,false
723,Rodrique,Balderson,rbaldersonk2@spotify.com,(617) 9678895,MA,false
724,Waverly,Barthelemy,wbarthelemyk3@lycos.com,(614) 8574841,OH,false
725,Arlee,Smedmoor,asmedmoork4@hatena.ne.jp,(843) 1740825,SC,false
726,Gretal,Tarte,gtartek5@cmu.edu,(260) 1103607,IN,false
727,Gavan,Vedekhov,gvedekhovk6@jiathis.com,(478) 1705196,GA,false
728,Fowler,Durram,fdurramk7@senate.gov,(817) 1716638,TX,false
729,Myrlene,Brackpool,mbrackpoolk8@godaddy.com,(607) 8288685,NY,false
730,Stan,Dando,sdandok9@cbsnews.com,(713) 5937675,TX,false
731,Wye,Haughey,whaugheyka@deliciousdays.com,(803) 2226589,SC,false
732,Suellen,Edrich,sedrichkb@indiegogo.com,(757) 3730668,VA,false
733,Theresa,O'Kynsillaghe,tokynsillaghekc@wikispaces.com,(408) 5890929,CA,false
734,Aurie,Tester,atesterkd@irs.gov,(817) 3659669,TX,false
735,Tabbatha,Kelby,tkelbyke@diigo.com,(626) 3121859,CA,false
736,Fleur,Lavell,flavellkf@mysql.com,(909) 4088662,CA,false
737,Townsend,Callington,tcallingtonkg@about.com,(816) 2993787,MO,false
738,Annamarie,Inman,ainmankh@example.com,(314) 6947914,MO,false
739,Rikki,Korpolak,rkorpolakki@umich.edu,(516) 1104389,NY,false
740,Ancell,Kubicka,akubickakj@about.com,(336) 4428773,NC,false
741,Jaynell,Bubear,jbubearkk@webs.com,(212) 4110857,NY,false
742,Mahmud,McKelvie,mmckelviekl@ocn.ne.jp,(616) 5246974,MI,false
743,Ezequiel,Cayford,ecayfordkm@vimeo.com,(203) 6765441,CT,false
744,Jorry,Clail,jclailkn@purevolume.com,(972) 5047899,TX,false
745,Anabelle,Fillon,afillonko@geocities.com,(832) 7582976,TX,false
746,Den,Dumingo,ddumingokp@over-blog.com,(313) 2070665,MI,false
747,Sabra,Grimwad,sgrimwadkq@jiathis.com,(509) 5453471,WA,false
748,Darsey,Trodden,dtroddenkr@dell.com,(951) 9933902,CA,false
749,Pauly,Le Surf,plesurfks@walmart.com,(202) 2838391,DC,false
750,Ezekiel,Headon,eheadonkt@blog.com,(704) 2819399,NC,false
751,Guillermo,Abercromby,gabercrombyku@google.fr,(304) 3633691,WV,false
752,Launce,Skylett,lskylettkv@springer.com,(405) 3234002,OK,false
753,Vyky,Sigge,vsiggekw@forbes.com,(615) 7747898,TN,false
754,Arlette,Brameld,abrameldkx@stumbleupon.com,(513) 6893669,OH,false
755,Eirena,Strafen,estrafenky@washingtonpost.com,(918) 1639754,OK,false
756,Marcille,Ferronet,mferronetkz@123-reg.co.uk,(916) 5079580,CA,false
757,Delly,Coode,dcoodel0@skype.com,(619) 1098124,CA,false
758,Georgine,Grigorio,ggrigoriol1@usda.gov,(971) 7330122,OR,false
759,Clevie,Wookey,cwookeyl2@w3.org,(509) 6137901,WA,false
760,Xenos,Habin,xhabinl3@discovery.com,(303) 7228252,CO,false
761,Britt,Keddey,bkeddeyl4@google.ru,(616) 2907848,MI,false
762,Bidget,Mingauld,bmingauldl5@wikimedia.org,(812) 4521827,IN,false
763,Barrie,Fishenden,bfishendenl6@examiner.com,(714) 4702944,CA,false
764,Lane,Atack,latackl7@hostgator.com,(818) 3160126,CA,false
765,Karlan,Gorgen,kgorgenl8@harvard.edu,(601) 6437345,MS,false
766,Mada,Alenshev,malenshevl9@tripod.com,(805) 1214938,CA,false
767,Adrea,Thickett,athickettla@disqus.com,(404) 9691040,GA,false
768,Angelia,Flohard,aflohardlb@adobe.com,(561) 7642609,FL,false
769,Murdock,Gonthier,mgonthierlc@purevolume.com,(312) 4011132,IL,false
770,Hyacinthe,Ashforth,hashforthld@lycos.com,(508) 3829153,MA,false
771,Lynda,Deverick,ldeverickle@1und1.de,(682) 8462148,TX,false
772,Madison,Tetley,mtetleylf@eventbrite.com,(562) 1439904,CA,false
773,Thornie,Rojahn,trojahnlg@php.net,(314) 7952046,MO,false
774,Addy,Redding,areddinglh@nsw.gov.au,(202) 6508898,DC,false
775,Sandie,Asson,sassonli@ameblo.jp,(651) 1439756,MN,false
776,Kimmie,Radmore,kradmorelj@ovh.net,(937) 1753796,OH,false
777,Nessie,Gommes,ngommeslk@pinterest.com,(214) 8139300,TX,false
778,Adelbert,Lamburn,alamburnll@nih.gov,(208) 5068803,ID,false
779,Ferdinande,Scranedge,fscranedgelm@buzzfeed.com,(626) 1641995,CA,false
780,Kimberley,Parades,kparadesln@diigo.com,(213) 2684549,CA,false
781,Lonnie,De Ruggiero,lderuggierolo@alibaba.com,(202) 1967919,DC,false
782,Felipe,Harriday,fharridaylp@ox.ac.uk,(562) 5271231,CA,false
783,Katinka,Kirsop,kkirsoplq@oaic.gov.au,(310) 1789979,CA,false
784,Stevie,Romaynes,sromayneslr@freewebs.com,(229) 2471767,GA,false
785,Jereme,Illwell,jillwellls@gravatar.com,(509) 4247224,WA,false
786,Ravid,Stocking,rstockinglt@wikimedia.org,(605) 2116273,SD,false
787,Staffard,Rosenblatt,srosenblattlu@symantec.com,(813) 2933080,FL,false
788,Tan,Leabeater,tleabeaterlv@posterous.com,(480) 4286631,AZ,false
789,Prescott,Brosel,pbrosellw@umn.edu,(434) 1837835,VA,false
790,Nealson,Sheepy,nsheepylx@google.pl,(316) 6810159,KS,false
791,Ulrike,McGennis,umcgennisly@gizmodo.com,(972) 8938237,TX,false
792,Frasco,Blare,fblarelz@ox.ac.uk,(305) 6923514,FL,false
793,Tallie,Crowch,tcrowchm0@hud.gov,(937) 4615699,OH,false
794,Vanya,Giron,vgironm1@yahoo.co.jp,(775) 6764241,NV,false
795,Rita,Philippet,rphilippetm2@state.tx.us,(612) 1676094,MN,false
796,Deina,Munslow,dmunslowm3@simplemachines.org,(702) 4528013,NV,false
797,Arty,Woolbrook,awoolbrookm4@yale.edu,(405) 4864535,OK,false
798,Jorry,Backman,jbackmanm5@epa.gov,(313) 3485295,MI,false
799,Goldy,Bowland,gbowlandm6@devhub.com,(510) 1381796,CA,false
800,Perl,Getten,pgettenm7@wisc.edu,(507) 8660985,MN,false
801,Milzie,Longmead,mlongmeadm8@japanpost.jp,(616) 2409153,MI,false
802,Dyanne,Trim,dtrimm9@msu.edu,(727) 8386669,FL,false
803,Gerard,Hugett,ghugettma@unicef.org,(502) 3987347,KY,false
804,Wilburt,Sweetenham,wsweetenhammb@storify.com,(610) 2207446,PA,false
805,Nelli,Louch,nlouchmc@google.co.uk,(727) 7554913,FL,false
806,Karlotta,Ianson,kiansonmd@ucsd.edu,(813) 1456091,FL,false
807,Kaycee,Medland,kmedlandme@usa.gov,(513) 4646199,OH,false
808,Deeanne,Tobin,dtobinmf@issuu.com,(253) 5228773,WA,false
809,Paulita,Keysall,pkeysallmg@dion.ne.jp,(402) 8702905,NE,false
810,Erminie,Gobeaux,egobeauxmh@blogs.com,(302) 2692666,DE,false
811,Haskel,De L'Isle,hdelislemi@nytimes.com,(619) 5886396,CA,false
812,Jaynell,Chable,jchablemj@eventbrite.com,(330) 4756904,OH,false
813,Sheri,Dark,sdarkmk@networkadvertising.org,(404) 6256895,GA,false
814,Jacki,Speke,jspekeml@washingtonpost.com,(805) 9496477,CA,false
815,Denna,Lanmeid,dlanmeidmm@google.co.uk,(316) 8445579,KS,false
816,Herschel,Flanaghan,hflanaghanmn@businessweek.com,(205) 2077432,AL,false
817,Sheela,Alford,salfordmo@hibu.com,(775) 1274973,NV,false
818,Chevy,Simnor,csimnormp@people.com.cn,(209) 1784310,CA,false
819,Devin,Armitage,darmitagemq@wired.com,(313) 2342347,MI,false
820,Starr,Fensome,sfensomemr@twitter.com,(713) 6430042,TX,false
821,Adiana,Tomczak,atomczakms@ucsd.edu,(202) 7376451,DC,false
822,Zared,Orwin,zorwinmt@yahoo.com,(801) 1367501,UT,false
823,Raeann,Claiden,rclaidenmu@ftc.gov,(571) 3035636,VA,false
824,Marjorie,Cadreman,mcadremanmv@nps.gov,(951) 2701778,CA,false
825,Amelita,Chifney,achifneymw@delicious.com,(503) 8280199,OR,false
826,Allie,Cooch,acoochmx@google.fr,(305) 4788293,FL,false
827,Royce,Tolan,rtolanmy@webnode.com,(915) 2558547,TX,false
828,Craggie,Hairesnape,chairesnapemz@canalblog.com,(502) 2644979,KY,false
829,Pace,Rowan,prowann0@ca.gov,(212) 4964237,NY,false
830,Korey,Buzza,kbuzzan1@toplist.cz,(804) 4765885,VA,false
831,Katlin,Adamo,kadamon2@theatlantic.com,(702) 9874405,NV,false
832,Dreddy,Yeldon,dyeldonn3@livejournal.com,(916) 8881159,CA,false
833,Batholomew,Edens,bedensn4@mac.com,(773) 4791038,IL,false
834,Saidee,Whimp,swhimpn5@businessweek.com,(727) 2403495,FL,false
835,Maybelle,Beeble,mbeeblen6@google.com.br,(212) 3681234,NY,false
836,Reg,Pilger,rpilgern7@hp.com,(757) 8054133,VA,false
837,Raimundo,Balharrie,rbalharrien8@bandcamp.com,(617) 5104799,MA,false
838,Errol,Barlie,ebarlien9@github.io,(404) 9053596,GA,false
839,Natal,Giacomozzo,ngiacomozzona@phpbb.com,(915) 3754178,TX,false
840,Crysta,Dumphy,cdumphynb@harvard.edu,(405) 7589023,OK,false
841,Franklyn,Durrett,fdurrettnc@guardian.co.uk,(804) 7028621,VA,false
842,Almeda,St. Aubyn,astaubynnd@tiny.cc,(309) 3609863,IL,false
843,Chalmers,Riddel,criddelne@parallels.com,(415) 9912449,CA,false
844,Kaja,Garratty,kgarrattynf@aol.com,(330) 2782081,OH,false
845,Gilbert,Ruprich,gruprichng@indiegogo.com,(303) 9124790,CO,false
846,Beltran,Kadar,bkadarnh@archive.org,(206) 7318191,WA,false
847,Estel,Scholler,eschollerni@flickr.com,(574) 8558231,IN,false
848,Rosette,Couser,rcousernj@ftc.gov,(608) 8830615,WI,false
849,Mela,McShee,mmcsheenk@google.fr,(615) 1602626,TN,false
850,Aline,Wigin,awiginnl@myspace.com,(850) 4205281,FL,false
851,Vikki,Renzullo,vrenzullonm@fc2.com,(303) 2149553,CO,false
852,Alia,Signe,asignenn@ning.com,(503) 6943136,OR,false
853,Eyde,Herche,ehercheno@php.net,(989) 2027937,MI,false
854,Larisa,Clapperton,lclappertonnp@macromedia.com,(816) 5391213,MO,false
855,Sindee,Mitkcov,smitkcovnq@etsy.com,(661) 8472353,CA,false
856,Vernice,Stannion,vstannionnr@indiatimes.com,(361) 4847561,TX,false
857,Larissa,Busch,lbuschns@nationalgeographic.com,(616) 8048703,MI,false
858,Mortimer,De Ferraris,mdeferrarisnt@myspace.com,(785) 3532181,KS,false
859,Lonna,McPhillips,lmcphillipsnu@kickstarter.com,(757) 8536679,VA,false
860,Concordia,Oliver,colivernv@blog.com,(240) 4318722,MD,false
861,Sherline,Trace,stracenw@gov.uk,(253) 8697552,WA,false
862,Ronny,Darrigone,rdarrigonenx@amazon.co.jp,(317) 6310135,IN,false
863,Bradly,Olner,bolnerny@amazon.co.jp,(702) 6972609,NV,false
864,Robby,Mersey,rmerseynz@php.net,(513) 7490025,OH,false
865,Julieta,Lenormand,jlenormando0@1und1.de,(518) 6290457,NY,false
866,Dotti,Enderlein,denderleino1@prlog.org,(903) 8219601,TX,false
867,Lorinda,Beckworth,lbeckwortho2@epa.gov,(832) 6184374,TX,false
868,Lalo,Younglove,lyoungloveo3@sciencedirect.com,(408) 2444203,CA,false
869,Marlene,Lugden,mlugdeno4@sohu.com,(909) 9487354,CA,false
870,Carline,Presidey,cpresideyo5@usda.gov,(404) 7732593,GA,false
871,Sadella,Armsden,sarmsdeno6@china.com.cn,(859) 6078611,KY,false
872,Aron,Garbar,agarbaro7@zimbio.com,(414) 5618734,WI,false
873,Al,Giacopetti,agiacopettio8@cargocollective.com,(210) 2137470,TX,false
874,Tamqrah,Grewe,tgreweo9@latimes.com,(334) 9421237,AL,false
875,Quintina,Keogh,qkeoghoa@friendfeed.com,(404) 3540849,GA,false
876,Madelene,Digg,mdiggob@hexun.com,(772) 7083826,FL,false
877,Burch,Hirsthouse,bhirsthouseoc@chron.com,(318) 3182106,LA,false
878,Dorita,Pelos,dpelosod@toplist.cz,(754) 4911852,FL,false
879,Dolf,Barnet,dbarnetoe@theatlantic.com,(928) 8234075,AZ,false
880,Whitney,Corbitt,wcorbittof@latimes.com,(814) 2366662,PA,false
881,Eward,Huish,ehuishog@twitter.com,(406) 2478698,MT,false
882,Brant,Blabey,bblabeyoh@cdc.gov,(304) 6053171,WV,false
883,Pris,Postgate,ppostgateoi@fotki.com,(443) 8490193,MD,false
884,Winona,Lethcoe,wlethcoeoj@squarespace.com,(714) 1953930,CA,false
885,Livvy,Reina,lreinaok@squidoo.com,(518) 8145394,NY,false
886,Stace,Yanukhin,syanukhinol@github.com,(971) 3520026,OR,false
887,Natassia,Waison,nwaisonom@newyorker.com,(334) 8537699,AL,false
888,Ferdinand,Sparwell,fsparwellon@rediff.com,(704) 3232800,NC,false
889,Teodorico,Fairholme,tfairholmeoo@wisc.edu,(518) 5369672,NY,false
890,Fayth,Vanichkin,fvanichkinop@imgur.com,(361) 5906044,TX,false
891,Shauna,Avrahamy,savrahamyoq@kickstarter.com,(212) 6228486,NY,false
892,Elana,Corneil,ecorneilor@unicef.org,(571) 9248667,VA,false
893,Seline,Verillo,sverilloos@51.la,(408) 8173863,CA,false
894,Melba,Schimank,mschimankot@hostgator.com,(323) 4159997,CA,false
895,Daveta,Ugolini,dugoliniou@si.edu,(803) 8296594,SC,false
896,Luciano,Braithwait,lbraithwaitov@hp.com,(315) 5600217,NY,false
897,Carey,Plesing,cplesingow@smh.com.au,(309) 6087212,IL,false
898,Henrik,Elesander,helesanderox@yale.edu,(562) 6036932,CA,false
899,Winslow,Stamps,wstampsoy@sciencedirect.com,(254) 8814006,TX,false
900,Austen,Dowding,adowdingoz@bloglovin.com,(225) 9465125,LA,false
901,Netta,Deaves,ndeavesp0@wiley.com,(303) 6755645,CO,false
902,Efren,McGlaud,emcglaudp1@facebook.com,(512) 8354252,TX,false
903,Barde,Whacket,bwhacketp2@slideshare.net,(601) 7536610,MS,false
904,Damiano,Pina,dpinap3@umn.edu,(813) 2471142,FL,false
905,Jocko,Osgodby,josgodbyp4@networkadvertising.org,(209) 5535892,CA,false
906,Nancie,Gillcrist,ngillcristp5@de.vu,(210) 6464623,TX,false
907,Grannie,Trusse,gtrussep6@apple.com,(972) 1222502,TX,false
908,Udell,D' Angelo,udangelop7@w3.org,(309) 5110455,IL,false
909,Vail,Hallett,vhallettp8@diigo.com,(402) 1527236,NE,false
910,Agnella,Graveston,agravestonp9@smh.com.au,(757) 8093891,VA,false
911,Sunny,Rattenberie,srattenberiepa@bigcartel.com,(704) 8700657,NC,false
912,Roxane,Charopen,rcharopenpb@upenn.edu,(915) 4460456,TX,false
913,Amye,Yeabsley,ayeabsleypc@eventbrite.com,(330) 8963973,OH,false
914,Brant,Winscom,bwinscompd@blog.com,(862) 7989215,NJ,false
915,Nappie,Chittenden,nchittendenpe@who.int,(413) 8458902,MA,false
916,Eugen,Coleshill,ecoleshillpf@fotki.com,(571) 2404397,VA,false
917,Valry,Mogra,vmograpg@cmu.edu,(757) 8921160,VA,false
918,Lenora,Corcut,lcorcutph@shinystat.com,(916) 5703607,CA,false
919,Andrei,Tribe,atribepi@yellowbook.com,(716) 7721526,NY,false
920,Wolfy,Curtiss,wcurtisspj@fastcompany.com,(903) 7460325,TX,false
921,Siusan,Billett,sbillettpk@webs.com,(626) 7681137,CA,false
922,Annalise,Achrameev,aachrameevpl@house.gov,(318) 9091334,LA,false
923,Brock,Khomin,bkhominpm@java.com,(718) 9934179,NY,false
924,Minor,Hitzmann,mhitzmannpn@devhub.com,(718) 9295844,NY,false
925,Agustin,Loy,aloypo@angelfire.com,(214) 7734043,TX,false
926,Mari,Milham,mmilhampp@usatoday.com,(518) 9967730,NY,false
927,Jillie,Lamberti,jlambertipq@phoca.cz,(619) 4220585,CA,false
928,Rebe,MacAlister,rmacalisterpr@sohu.com,(202) 4267475,DC,false
929,Bobbye,MacFarlan,bmacfarlanps@devhub.com,(612) 2865792,MN,false
930,Orelee,Scales,oscalespt@surveymonkey.com,(915) 6765839,TX,false
931,Ana,Olenchenko,aolenchenkopu@cyberchimps.com,(951) 3119481,CA,false
932,Agatha,Bould,abouldpv@google.fr,(706) 5569572,GA,false
933,Vail,Kerrane,vkerranepw@prweb.com,(760) 8760327,CA,false
934,Tawsha,Rudinger,trudingerpx@1688.com,(989) 3882376,MI,false
935,Ebba,O'Fallowne,eofallownepy@feedburner.com,(509) 7241580,WA,false
936,Nelson,Yakovich,nyakovichpz@meetup.com,(754) 2184685,FL,false
937,Brinna,Braunds,bbraundsq0@bizjournals.com,(202) 9236932,DC,false
938,Sheeree,Lewsy,slewsyq1@sun.com,(713) 5140225,TX,false
939,Dennet,Worpole,dworpoleq2@independent.co.uk,(209) 3833393,CA,false
940,Paola,Pettman,ppettmanq3@xrea.com,(614) 5233419,OH,false
941,Opaline,Luety,oluetyq4@cdbaby.com,(215) 5718049,PA,false
942,Elset,Marshallsay,emarshallsayq5@amazon.de,(713) 5051434,TX,false
943,Ulysses,Guillford,uguillfordq6@answers.com,(651) 4055936,MN,false
944,Gigi,Golton,ggoltonq7@wsj.com,(317) 5199904,IN,false
945,Beth,Matussov,bmatussovq8@eepurl.com,(410) 4213285,MD,false
946,Ara,McNamee,amcnameeq9@fotki.com,(570) 6674439,PA,false
947,Granny,MacAndreis,gmacandreisqa@hatena.ne.jp,(405) 8930566,OK,false
948,Filmer,Pointer,fpointerqb@yahoo.co.jp,(814) 2778627,PA,false
949,Ettie,Mocker,emockerqc@unesco.org,(336) 2271538,NC,false
950,Trude,Kahn,tkahnqd@cocolog-nifty.com,(785) 3999197,KS,false
951,Garry,Dunkley,gdunkleyqe@businesswire.com,(614) 6981384,OH,false
952,Germaine,Wardale,gwardaleqf@wired.com,(616) 7147898,MI,false
953,Radcliffe,Rubinovitsch,rrubinovitschqg@boston.com,(805) 6834817,CA,false
954,Sanford,Gommowe,sgommoweqh@salon.com,(915) 7391320,TX,false
955,Marie,De Blase,mdeblaseqi@biblegateway.com,(858) 3101018,CA,false
956,Shirlene,Doulton,sdoultonqj@meetup.com,(918) 9711889,OK,false
957,Caressa,Michin,cmichinqk@house.gov,(813) 2787020,FL,false
958,Amara,Loos,aloosql@ehow.com,(248) 1169397,MI,false
959,Claudian,Wearne,cwearneqm@usnews.com,(717) 6027498,PA,false
960,Clim,Bedham,cbedhamqn@sohu.com,(501) 6223615,AR,false
961,Ramon,Pardoe,rpardoeqo@pcworld.com,(314) 5185090,MO,false
962,Duff,Wigelsworth,dwigelsworthqp@chron.com,(707) 9392328,CA,false
963,Findlay,Joselovitch,fjoselovitchqq@meetup.com,(757) 2125015,VA,false
964,Henrieta,Landsman,hlandsmanqr@cdbaby.com,(302) 5970388,DE,false
965,Evangelina,Shreve,eshreveqs@slideshare.net,(302) 9453709,DE,false
966,Ofilia,Pringle,opringleqt@chronoengine.com,(410) 8853244,MD,false
967,Devi,Vergo,dvergoqu@mysql.com,(509) 5779242,WA,false
968,Bryna,Towll,btowllqv@w3.org,(512) 7369000,TX,false
969,Malia,Tidgewell,mtidgewellqw@flickr.com,(808) 1804921,HI,false
970,Georgianne,Standeven,gstandevenqx@php.net,(202) 6981295,DC,false
971,Craig,Messitt,cmessittqy@google.ru,(706) 5899989,GA,false
972,Neila,Peel,npeelqz@tripadvisor.com,(614) 5753876,OH,false
973,Annora,Heak,aheakr0@creativecommons.org,(919) 1667590,NC,false
974,Phineas,Nowell,pnowellr1@seesaa.net,(202) 1532866,DC,false
975,Ed,Purshouse,epurshouser2@odnoklassniki.ru,(314) 9614112,MO,false
976,Florance,Tavinor,ftavinorr3@google.com.br,(214) 3461812,TX,false
977,Rosy,Dewitt,rdewittr4@amazonaws.com,(806) 2340702,TX,false
978,Myrle,Saye,msayer5@baidu.com,(305) 6129945,FL,false
979,Odetta,Mathonnet,omathonnetr6@yahoo.com,(617) 7561551,MA,false
980,Rayna,Scotchmore,rscotchmorer7@networksolutions.com,(616) 5144907,MI,false
981,Marlena,Alvarado,malvarador8@ca.gov,(304) 6413369,WV,false
982,Querida,Braiden,qbraidenr9@whitehouse.gov,(321) 7877077,FL,false
983,Ree,Dearan,rdearanra@biglobe.ne.jp,(203) 1262058,CT,false
984,Rhianna,McKeevers,rmckeeversrb@fda.gov,(916) 6088963,CA,false
985,Bettina,Eardley,beardleyrc@jimdo.com,(410) 9887980,MD,false
986,Haze,Puddan,hpuddanrd@upenn.edu,(804) 7156312,VA,false
987,Berkley,MacKeogh,bmackeoghre@google.ca,(603) 7340621,NH,false
988,Olive,Mehmet,omehmetrf@ted.com,(702) 1960899,CA,false
989,Hubert,Jaher,hjaherrg@sphinn.com,(423) 4394761,TN,false
990,Nestor,Gimblett,ngimblettrh@delicious.com,(561) 5282454,FL,false
991,Bertina,McSporon,bmcsporonri@zdnet.com,(419) 8533711,OH,false
992,Joaquin,Playdon,jplaydonrj@salon.com,(412) 4536775,PA,false
993,Kitti,Vickers,kvickersrk@upenn.edu,(412) 2898731,PA,false
994,Grazia,McTurley,gmcturleyrl@live.com,(785) 8312680,KS,false
995,Aurore,Schleswig-Holstein,aschleswigholsteinrm@is.gd,(412) 1514716,PA,false
996,Alleen,Tombleson,atomblesonrn@scribd.com,(860) 6081171,CT,false
997,Fanechka,Neads,fneadsro@biglobe.ne.jp,(315) 6246643,NY,false
998,Aliza,Ingley,aingleyrp@reference.com,(402) 3321902,NE,false
999,Jere,Sorensen,jsorensenrq@mtv.com,(360) 8682028,WA,false
1000,Carrissa,Bracher,cbracherrr@ihg.com,(414) 1209230,WI,false
